[
  {
    "brandTypeName": "Maishiy texnika",
    "brandImgUrl": "./imgs/sheep.png",
    "brandPath": "/technekous"
  },
  {
    "brandTypeName": "Kichik biznes",
    "brandImgUrl": "",
    "brandPath": "/buisnes"
  },
  {
    "brandTypeName": "Mineral o'g'itlar",
    "brandImgUrl": "",
    "brandPath": "/mineral"
  },
  {
    "brandTypeName": "Chorvachilik",
    "brandImgUrl": "https://newokruga.ru/wp-content/uploads/sites/13/2020/03/8-1.png",
    "brandPath": "/sheep"
  },
  {
    "brandTypeName": "Parandachilik",
    "brandImgUrl": "",
    "brandPath": "/animals"
  }
]
